{"lr": 0.0007639964713869571, "data_time": 0.011732220649719238, "loss": 0.07642725874757161, "decode.loss_ce": 7.483653134841007e-05, "decode.acc_seg": 100.0, "aux_0.loss_ce": 0.014804795577583718, "aux_0.acc_seg": 100.0, "aux_1.loss_ce": 0.026507068698629156, "aux_1.acc_seg": 99.95561981201172, "aux_2.loss_ce": 0.0177748208579942, "aux_2.acc_seg": 100.0, "aux_3.loss_ce": 0.01726574176136637, "aux_3.acc_seg": 99.91686248779297, "time": 1.8811808347702026, "memory": 10931, "step": 50}
{"aAcc": 100.0, "mIoU": 100.0, "mAcc": 100.0, "data_time": 0.020973023653030394, "time": 15.124518345117568, "step": 50}
